NO.,Date,Origin Time (UTC),Latitude,Longitude,Depth(Km),Magnitude(degree),Location
1,1/1/22,0:44:36,35.2476,46.6088,15,2.2,Naji -  Kurdistan - Iran
2,1/1/22,11:40:42,35.868,45.8951,15,3.1,Kolah Dul  -  Iran
3,1/1/22,11:44:16,35.9398,45.981,8,2.3,Baneh - Iran 
4,1/1/22,22:15:00,35.6183,45.9322,15,2.6,Penjwin - Sulaymanyah
5,3/1/22,8:19:11,34.724,46.2726,15,2.2,Kermanshah  - Iran
6,3/1/22,13:47:14,35.1606,44.9627,5,2.3, Qadir Karami Taze - Chamchamal
7,3/1/22,14:14:48,35.1199,44.9941,5,2.4,Tilaku - Chamchamal
8,3/1/22,18:42:38,35.1433,44.9458,5,2.5, Qadir Karami Taze - Chamchamal
9,4/1/22,8:50:36,36.1327,45.3748,10,2.6,West Azerbaijan - Iran
10,4/1/22,9:33:41,34.8009,45.6601,5,2.6,Haji Lar -Khanaqin - Garmian
11,4/1/22,10:54:49,35.1007,45.6653,5,2.2,Darbandikhan - Sulaymanyah
12,4/1/22,12:24:36,34.994,45.4432,5,2.3,Bustana - Kalar - Garmian
13,5/1/22,1:09:35,34.3233,45.7798,5,3.9,Kermanshah  - Iran
14,5/1/22,2:14:21,34.5757,45.546,5,2.5,Kermanshah  - Iran
15,5/1/22,14:32:33,36.0009,46.0625,10,2.4,Baneh - Iran 
16,6/1/22,16:21:34,34.755,45.0781,5,2.4, Sar Qal'ah - Kifri - Garmian
17,6/1/22,23:28:10,33.2372,43.0481,11.3,3.9, Abu el Jir - Ramadi
18,6/1/22,23:45:17,34.5046,45.6751,15,2.2,Kermanshah  - Iran
19,7/1/22,6:01:43,34.9862,44.7885,15,2.4,Shaikh Hawaz - Tooz
20,7/1/22,22:27:01,35.6903,45.6557,12,2.2,Zalan - Sharbazher  - Sulaymanyah
21,7/1/22,22:34:32,36.0185,45.8424,11,1.8,Baneh - Iran 
22,7/1/22,22:57:34,36.0384,45.8529,10.7,2,Baneh - Iran 
23,8/1/22,0:00:34,36.0717,45.8666,10,1.9,Baneh - Iran 
24,8/1/22,0:53:14,36.0442,45.8499,10.7,2,Baneh - Iran 
25,8/1/22,1:09:15,34.3609,45.0549,5,3.5,Buhilab - Khanaqin - Garmian
26,8/1/22,2:33:49,35.9062,45.7565,5,2,Baneh - Iran 
27,8/1/22,3:01:48,34.5107,44.7299,5,2.4,Sunaydij - Kifri - Garmian
28,8/1/22,14:58:35,34.5699,46.5723,15,2.2,Kermanshah  - Iran
29,8/1/22,18:13:55,35.9827,45.282,15,2, Zarun - Sharbazher  - Sulaymanyah
30,8/1/22,19:15:01,36.0099,45.8334,10.9,2.1,Baneh - Iran 
31,8/1/22,19:27:42,34.5562,46.445,11.8,2.4,Kermanshah  - Iran
32,8/1/22,21:10:16,35.3868,46.5921,6,2.6,Sanandaj - Iran
33,8/1/22,21:51:37,34.6042,46.4743,5,2.2,Kermanshah  - Iran
34,8/1/22,22:58:36,34.6333,46.5355,5,2.3,Kermanshah  - Iran
35,8/1/22,23:13:52,36.0391,45.8792,10.7,1.4,Baneh - Iran 
36,9/1/22,0:06:32,34.8116,46.3678,11,2.3,Kermanshah  - Iran
37,9/1/22,1:33:20,34.6007,46.4947,5,2.2,Kermanshah  - Iran
38,9/1/22,7:50:57,34.5864,46.5797,11.8,2.4,Kermanshah  - Iran
39,9/1/22,8:30:18,34.4857,45.1992,7,2.8,Gullajo - Kalar _ Garmian
40,10/1/22,18:15:07,35.6643,44.9846,15,3.7,Sarchawa - Takiya - Sulaymanyah
41,10/1/22,18:19:15,35.6886,45.0365,5,2.7,Sarchawa - Takiya - Sulaymanyah
42,10/1/22,18:21:39,35.6862,45.0213,5,2.7,Sarchawa - Takiya - Sulaymanyah
43,10/1/22,18:24:00,35.6938,45.012,7,1.8,Sarchawa - Takiya - Sulaymanyah
44,10/1/22,18:29:48,35.6894,45.027,7,4.3,Sarchawa - Takiya - Sulaymanyah
45,10/1/22,19:43:23,35.6912,45.0038,7,2.5,Sarchawa - Takiya - Sulaymanyah
46,10/1/22,19:53:08,35.6599,45.0009,7,2.5,Sarchawa - Takiya - Sulaymanyah
47,10/1/22,20:11:17,35.6791,45.0314,7,3.6,Sarchawa - Takiya - Sulaymanyah
48,11/1/22,8:14:33,35.5122,45.061,10,2.3,Hanjira - Sulaymaniyah
49,11/1/22,17:29:13,36.615,43.3341,11,3.1,Hammam al-Alil - Mosul
50,11/1/22,18:08:06,34.9028,45.7452,12.9,3.3,Sartak -  Darbandikhan - Sulaymanyah
51,12/1/22,6:26:49,37.991,48.1323,6,3.6,Ardabil - Iran
52,13-01-2022,9:09:16,35.7346,46.0649,10,2, Kani Bi -  Penjwin - Sulaymanyah
53,13-01-2022,9:26:50,35.7549,46.0464,10.7,2.3, Kani Bi -  Penjwin - Sulaymanyah
54,13-01-2022,11:28:37,36.067,45.4149,15,2,West Azerbaijan - Iran
55,14-01-2022,3:48:07,34.2924,44.8465,5,2.7, Ballat Jahir - Jalawla - Diyala
56,15-01-2022,13:03:00,37.9466,43.9956,5,4.3,Van - Turkey
57,15-01-2022,13:06:43,38.1464,44.7287,6,2.7,West Azerbaijan - Iran
58,15-01-2022,18:03:51,34.6355,46.4726,5,2.8,Kermanshah  - Iran
59,16-01-2022,22:56:14,35.2081,46.5967,6,3.7,Mariwan - Iran
60,16-01-2022,23:23:52,35.2317,46.3249,5,2.7,Mariwan - Iran
61,16-01-2022,23:25:46,35.2539,46.2818,5,2.5,Mariwan - Iran
62,17-01-2022,0:58:52,35.2562,46.3725,5,2.7,Razaw - Iran
63,17-01-2022,8:12:48,35.0697,45.7651,5,2.6,Dulf   -  Darbandikhan - Sulaymanyah
64,17-01-2022,16:19:36,35.2514,46.1205,5,2.3, Byara - Sulaymanyah
65,18-01-2022,0:39:37,34.5962,45.2497,5,2.6,Grdagozina - Kalar - Garmian
66,18-01-2022,2:24:45,35.979,45.0856,8,2,Seydar - Dokan - Sulaymanyah
67,18-01-2022,3:28:43,34.2587,45.598,5,2.7,Kermanshah  - Iran
68,18-01-2022,8:27:10,35.1662,45.6381,15,2.2, Bawakhoshen - Darbandikhan - Sulaymanyah
69,18-01-2022,17:43:16,36.622,43.7858,15,2.5,Mam khalita - Aqrah
70,19-01-2022,8:23:09,34.7138,45.0689,15,2.3,Kifiri - Garmian
71,20-01-2022,22:19:41,36.1638,45.026,15,2,Bardakoz - Dokan - Sulaymanyah
72,21-01-2022,1:12:26,35.2825,45.556,11.5,1.8,Awakala - Darbandihkan  - Sulaymanyah
73,21-01-2022,1:55:18,36.7246,44.4214,12,2.3,Soran - Hawler
74,23-01-2022,4:05:51,35.8624,46.9862,5,2.1,Dabagh -  Iran
75,23-01-2022,4:30:57,37.7724,46.7806,20,4.1,West Azerbaijan - Iran
76,23-01-2022,4:40:00,35.5225,45.3063,5,2,Lanjawa - Hazarmerd  - Sulaymanyah
77,24-01-2022,2:48:04,38.5106,46.2542,10,4,West Azerbaijan - Iran
78,24-01-2022,17:27:27,35.7317,46.0465,8,2.5,Taratulu  -  Penjwin - Sulaymanyah
79,24-01-2022,18:21:18,34.3675,47.2892,10,2.7,Kermanshah  - Iran
80,25-01-2022,5:17:12,35.0372,45.495,11.9,2.3,Bustana - Kalar - Garmian
81,25-01-2022,18:29:15,35.2783,45.6961,11.6,2.1,Miradee - Darbandihkan  - Sulaymanyah
82,25-01-2022,22:55:20,38.0062,43.6935,15,3.6,Van - Turkey
83,25-01-2022,23:01:11,36.5984,43.515,15,2.6,Rovia - Duhok
84,26-01-2022,4:14:26,35.2674,46.466,15,2.7,Mariwan - Iran
85,27-01-2022,22:57:08,34.4349,45.8888,5,2.9,Kermanshah  - Iran
86,28-01-2022,8:26:33,35.3905,46.2346,5,2.2,Mariwan - Iran
87,28-01-2022,23:05:35,35.3796,45.7076,11.5,2,Kanipanka  - Sulaymanyah
88,29-01-2022,4:03:41,36.6036,44.9985,15,2.3,Haji Omeran - Choman - Hawler
89,30-01-2022,2:54:59,35.853,43.357,11.8,3.6,zuway  vilage - Mosul
90,30-01-2022,4:43:33,35.8368,43.3272,11.9,3.4,zuway  vilage - Mosul
91,30-01-2022,15:41:02,34.7847,45.8754,15,2.5,Kermanshah  - Iran
92,31-01-2022,9:28:24,35.1752,45.768,5,1.9,Azaban -  Darbandihkan  - Sulaymanyah
93,31-01-2022,17:41:09,34.4706,45.504,5,2.7,Darband Juq -  Khanaqin - Garmian
94,31-01-2022,18:51:14,35.6823,45.9733,15,2.2,Dara Gurgan -  Penjwin - Sulaymanyah
95,31-01-2022,19:04:58,35.1891,45.7456,15,1.8,balakjar -  Darbandihkan  - Sulaymanyah
96,31-01-2022,22:45:52,35.19,45.7918,15,2.1, Darbandihkan lake  - Sulaymanyah
97,1/2/22,1:54:10,38.9552,43.3608,7,3.9,Van Lake - Turkey
98,1/2/22,2:25:39,38.8024,43.7341,7,3.7,Van  - Turkey
99,1/2/22,21:22:20,33.7757,46.3959,11,2.9,Ilam - Iran
100,2/1/22,23:08:36,33.6075,48.0536,11,3.5,Lorestan - Iran
101,2/2/22,16:51:09,36.596,45.1852,5,2.1,West Azerbaijan - Iran
102,2/2/22,19:13:14,34.9972,44.6844,5,2.2,Tooz - Kirkuk
103,3/2/22,6:58:52,35.8588,46.0281,15,2.5,Baneh - Iran
104,3/2/22,21:06:20,35.8077,45.7378,15,2.4,Sharbazher-Bosken -Sulaymaniyah
105,4/2/22,1:09:37,35.9362,45.7745,15,1.8,Baneh - Iran
106,4/2/22,1:25:46,35.9605,45.8471,10.4,1.7,Baneh - Iran
107,5/2/22,13:44:01,35.805,45.9733,15,2.6, Kani Harme - Penjwin - Sulaymaniyah
108,6/2/22,0:02:41,33.6088,47.303,15,3.1,Lorestan - Iran
109,6/2/22,1:20:33,37.3534,44.6199,15,2.3,Hakkari -  Turkey
110,7/2/22,19:55:21,34.7942,45.9227,15,3.1,Kermanshah - Iran
111,8/2/22,4:29:18,36.2122,44.8338,15,2,Chwarqurna -  Ranya -  Sulaymaniyah
112,9/2/22,4:00:56,35.8912,45.8443,10,1.9,Baneh - Iran
113,9/2/22,18:39:43,34.4162,45.3115,2,2.7, Abd Allah Bayk -Khanaqin -Garmian
114,10/2/22,6:18:12,33.0374,46.3803,15,3.3,Ilam - Iran
115,10/2/23,9:57:47,34.8147,46.1848,5,2.3,Kermanshah - Iran
116,10/2/24,14:58:29,38.1246,48.1097,6,3.6,Ardabil - Iran
117,10/2/25,17:26:37,37.575,44.1041,12,3.1,Hakkari-Turkey
118,12/2/22,8:21:41,36.582,45.267,15,2.5,West Azerbaijan - Iran
119,12/2/22,15:30:25,35.3269,45.4403,11.2,2,wlyan -Darbandihkan - Sulaymaniyah
120,13-02-2022,2:39:46,35.8664,45.7671,15,1.8,Balkeh - Iran
121,13-02-2022,3:49:21,36.7634,44.2873,5,2.5, Mergasur - Soran - Hawler
122,14-02-2022,1:11:12,36.2415,44.8094,10,2,Hajiawa Rania - Sulaymaniyah
123,15-02-2022,2:53:55,36.2941,45.2811,15,2.1,Pshdar - Iraq - Iran - Border
124,15-02-2022,15:50:21,37.7922,44.7481,8,3.3,West Azerbaijan - Urmia - Iran
125,16-02-2022,9:11:59,34.791,46.133,5,2.5,Kermanshah - Iran
126,16-02-2022,20:17:55,36.0454,45.3768,11,1.9,West Azerbaijan - Iran
127,17-02-2022,11:49:27,34.6487,45.7425,5,2.6,Kermanshah - Iran
128,19-02-2022,1:16:01,35.8436,44.6302,5,1.9,Chamchamal  - Sulaymaniyah
129,19-02-2022,3:25:53,36.6213,44.4719,5,2.6,Bekhal - Soran - hawler
130,19-02-2022,19:34:28,34.411,45.4138,15,2.6, Abd allah Bayk - Khanaqin - Garmian
131,19-02-2022,22:32:14,36.071,45.1757,15,1.6,Dokan - Sulaymaniyah
132,20-02-2022,12:45:29,33.0334,46.692,13,4.3,Ilam - Iran
133,21-02-2022,1:36:15,32.5809,46.3861,11,3.4,Shayk Sa'd - Kut
134,21-02-2022,2:46:50,34.756,45.8353,15,2.3,Kermanshah - Iran
135,21-02-2022,11:48:30,35.4884,46.2462,15,2,LanjAwa - Iran
136,21-02-2022,22:10:19,34.6796,46.1758,15,2.3,Kermanshah - Iran
137,22-02-2022,3:41:36,35.7369,46.0607,10,1.9,Kani Bi - Penjwin - Sulaymaniyah
138,22-02-2022,7:29:57,32.1396,46.4002,10,3.3,Kut
139,23-02-2022,13:08:02,35.6603,45.9466,15,2.2,Kelu -  Penjwin - Sulaymaniyah
140,23-02-2022,13:13:17,35.663,45.951,15,2.8,Kelu -  Penjwin - Sulaymaniyah
141,24-02-2022,3:50:06,35.6768,45.991,15,1.9,Dara Gurgan -  Penjwin - Sulaymaniyah
142,24-02-2022,4:34:40,34.8052,45.6462,15,2.7,Haji Lar - Kalar - Garmian
143,24-02-2022,15:22:49,35.0894,45.5667,11.8,2.5,Barkal - Darbandikhan  - Sulaymaniyah
144,26-02-2022,13:06:20,35.2645,46.5063,15,2.5,Ngl - Iran
145,26-02-2022,15:52:13,34.8305,45.5627,13,2.7,Daruni Khan -  Darbandikhan  - Sulaymaniyah
146,28-02-2022,0:51:47,34.6435,46.3087,11.9,2,Kermanshah - Iran
147,28-02-2022,4:35:29,35.9737,45.6193,15,2.1,Alut -  Iran
148,28-02-2022,15:28:13,35.3298,46.3826,8,2.1,Sawllawa - Iran
149,2/3/22,4:53:57,35.4478,45.3789,5,2.1,Glazarda - Sulaymaniyah
150,2/3/22,5:58:57,34.9498,48.8923,15,2.4,Hamadan  -  Iran
151,3/3/22,10:54:32,36.4931,44.862,15,2.6,Warte - Choman - Soran
152,3/3/22,14:48:17,35.3816,46.2036,15,2.2,Zelke -  Kurdistan - Iran
153,4/3/22,1:37:15,34.7765,46.2545,15,2.6,Kermanshah - Iran
154,5/3/22,0:30:54,36.5733,44.8864,15,2.6,Galala - Choman - Soran
155,5/3/22,0:38:44,36.6411,44.9538,15,2.3,Draband -  Choman - Soran
156,5/3/22,5:33:38,35.2529,46.5326,15,3.6,Negel - Kurdistan - Iran
157,6/3/22,1:20:41,34.5716,45.9033,13,2.3,Kermanshah - Iran
158,6/3/22,18:00:03,33.5976,46.394,11.7,3.1,Ilam -  Iran
159,7/3/22,3:37:48,35.2727,46.4116,5,2.4,Mariwan - Iran
160,7/3/22,16:54:31,36.1756,44.9927,11.7,2.2,Dokan  - Sulaymaniyah
161,7/3/22,16:58:25,34.5005,46.0161,6,2.5,Kermanshah - Iran
162,8/3/22,1:02:01,35.2963,46.5489,15,3,Negel - Kurdistan - Iran
163,8/3/22,2:48:38,34.7788,47.9249,15,2.8,Kermanshah - Iran
164,9/3/22,1:18:41,34.1526,45.4051,15,2.6,Kani Masi - Khanaqin - Garmian
165,9/3/22,7:52:46,34.6931,46.3597,15,2.7,Kermanshah - Iran
166,9/3/22,7:56:17,34.6759,46.3645,15,3.2,Kermanshah - Iran
167,9/3/22,8:51:00,34.6743,46.3838,15,2.7,Kermanshah - Iran
168,9/3/22,21:53:00,34.4754,44.5832,15,2.3,Anjana - Kifri 
169,9/3/22,22:35:33,35.6023,45.0505,15,2,Tainal - Sulaymaniyah
170,10/3/22,0:20:34,35.1967,46.5771,11.9,2.5,Hersîn - Kurdistan - Iran
171,11/3/22,0:03:23,35.6169,45.0678,5,1.9,Tainal - Sulaymaniyah
172,11/3/22,4:21:22,34.3083,47.8736,15,3.1,Lorestan - Iran
173,11/3/22,8:17:29,33.0355,46.7013,15,3.5,Ilam -  Iran
174,12/3/22,1:57:33,34.6832,45.3437,15,2.7,Goban - Kalar - Garmian
175,12/3/22,2:02:40,34.6795,45.3358,5.8,3,Goban - Kalar - Garmian
176,12/3/22,2:08:10,34.6804,45.3437,5,2.3,Goban - Kalar - Garmian
177,12/3/22,2:49:07,34.5325,45.8833,11.9,2.9,Kermanshah - Iran
178,12/3/22,3:05:42,34.6826,45.6826,5,2.5,Chahar Qal'ah - Khanaqin - Garmian
179,12/3/22,14:03:25,34.0372,46.5272,5,2.7,Kermanshah - Iran
180,12/3/22,22:56:18,35.6369,45.5252,6,2.2,Sitak  - Sulaymaniyah
181,12/3/22,23:23:27,34.7433,46.823,13,2.4,Kermanshah - Iran
182,13-03-2022,4:57:33,34.8009,46.8545,13,2.6,Alk - Iran -  Kurdistan 
183,13-03-2022,5:04:26,34.5908,45.4387,13,3.8,Sangar-i Zhuru - Khanaqin - Garmian
184,13-03-2022,5:42:29,34.6652,45.3704,13,2.1,Goban - Kalar - Garmian
185,13-03-2022,6:21:09,34.6696,45.3676,13,2.4,Goban - Kalar - Garmian
186,13-03-2022,14:39:35,34.5341,45.8771,13,2.9,Kermanshah - Iran
187,13-03-2022,15:52:55,34.6486,45.3834,13,2.4,Sirwan River - Kalar - Garmian
188,13-03-2022,23:13:33,34.6206,45.4004,13,3,Sangar-i Zhuru - Khanaqin - Garmian
189,14-03-2022,0:14:29,34.6693,45.3672,13,2.3,Goban - Kalar - Garmian
190,15-03-2022,0:09:56,34.6742,45.3484,13,2.1,Goban - Kalar - Garmian
191,15-03-2022,15:27:13,34.3335,45.1225,10,3.3,Jalawla - Khanaqin - Garmian
192,15-03-2022,0:09:56,34.6742,45.3484,13,2.1,Goban - Kalar - Garmian
193,15-03-2022,15:27:13,34.3335,45.1225,10,3.3,Jalawla - Khanaqin - Garmian
194,15-03-2022,17:17:15,34.6717,45.3587,13.8,2.2,Kalar - Garmian
195,15-03-2022,17:24:46,34.6775,45.3504,14.3,2.2,Kalar - Garmian
196,15-03-2022,18:15:56,34.6694,45.3593,13,2.2,Kalar - Garmian
197,15-03-2022,18:25:02,34.6881,45.3074,11.9,3.2,Kalar - Garmian
198,16-03-2022,1:32:42,34.2053,45.3363,11.8,2.4,Kalar - Garmian
199,16-03-2022,6:41:22,34.6935,45.3004,15,2.1,Kalar - Garmian
200,16-03-2022,15:48:01,34.6585,45.3681,11.9,2,Kalar - Garmian
201,17-03-2022,7:46:46,36.4433,44.7224,15,2.4,Soran - Hawler
202,17-03-2022,19:59:25,34.6123,45.3824,15,2.1,Salah Agha - Kalar - Garmian
203,19-03-2022,0:20:34,34.8123,46.7876,15,3.1,Kermanshah - Iran
204,19-03-2022,7:54:52,34.6883,45.3115,15,2.4,Kalar - Garmian
205,19-03-2022,18:47:04,34.8226,46.8353,5,3.9,Kermanshah - Iran
206,19-03-2022,19:38:55,34.5819,47.2819,11,2.9,Kermanshah - Iran
207,19-03-2022,19:42:59,34.5775,47.2391,10.7,2.7,Kermanshah - Iran
208,19-03-2022,22:41:39,34.167,46.6349,15,2.5,Kermanshah - Iran
209,20-03-2022,1:02:02,34.6798,45.332,11.9,2.4,Kalar - Garmian
210,20-03-2022,1:22:04,36.124,43.0226,15,2.9,Mosul
211,20-03-2022,18:09:24,34.6962,46.1513,5,3.3,Kermanshah - Iran
212,20-03-2022,20:01:26,34.7356,46.2237,5,2.4,Kermanshah - Iran
213,21-03-2022,7:08:13,34.77,46.906,15,3.8,Kermanshah - Iran
214,22-03-2022,20:29:10,34.6717,45.3007,11.9,2.6,Kalar - Garmian
215,22-03-2022,21:50:13,34.898,46.6456,11.6,2.6,Misurab - Kurdistan - Iran
216,23-03-2022,21:02:48,34.8223,45.616,15,2.6,Haji Lar - Kalar - Garmian
217,25-03-2022,16:55:31,34.6229,45.1679,15,2.2,Shakal -  Kalar - Garmian
218,26-03-2022,3:50:18,35.2499,46.4475,15,3.1,Sarw Abad  - Kurdistan - Iran
219,26-03-2022,18:30:31,34.75,47.0468,5,2.8,Kamyaran - Kermanshah - Iran
220,28-03-2022,12:54:43,35.9449,45.3363,11.7,2.5,Safra - Sharbazher - Sulaymaniyah
221,28-03-2022,18:03:41,34.3223,46.0469,11.9,3,Kermanshah - Iran
222,28-03-2022,18:14:16,35.1274,47.5623,11.6,3.4,Kermanshah - Iran
223,29-03-2022,19:04:48,34.6686,46.2944,14.2,2.9,Kermanshah - Iran
224,30-03-2022,14:35:20,35.3281,45.6702,11.7,1.8,Zarayan - Darbandihkan  - Sulaymaniyah
225,1/4/22,23:51:40,34.2849,45.8487,15,2.5,Kermanshah - Iran
226,2/4/22,8:38:53,34.5616,45.2338,15,3.2,Shaykh Lankar - Kalar - Garmian
227,2/4/22,12:05:43,34.6052,45.2202,15,3.2,Shaykh Lankar - Kalar - Garmian
228,3/4/22,7:19:56,35.0772,45.6804,5,3.3,Darbandikhan - Sulaimanyha
229,3/4/22,8:14:48,35.2393,46.3196,9.9,2.6,Zhiwar - Kurdistan Iran
230,3/4/22,16:52:06,34.8918,46.268,5,2.2,Kermanshah - Iran
231,4/4/22,19:37:36,36.6786,45.1525,5,1.7,West Azerbaijan - Iran
232,5/4/22,4:26:15,37.1771,44.4718,5,3.2,Hakkari - Turkey
233,5/4/22,22:22:32,35.3332,45.135,10,2,Chamchamal - Sulaimanyha
234,6/4/22,20:22:03,36.8514,44.2064,11.8,2.4,Rezan - Mergasur - Akre
235,6/4/22,21:46:59,33.8197,45.9117,5,2.3,Ilam - Iran
236,7/4/22,13:36:02,32.8999,48.8285,15,4.2,Blutt - Iran
237,8/4/22,0:58:47,34.5611,45.3839,15,3.6,Salah Agha - Kalar - Garmian
238,8/4/22,2:33:32,34.5923,45.3824,15,2.2,Salah Agha - Kalar - Garmian
239,8/4/22,6:20:57,33.114,46.7741,10,3.8,Ilam - Iran
240,8/4/22,23:52:15,35.0421,46.7233,15,2.3,Samuridar  - Kurdistan Iran
241,9/4/22,8:27:13,34.7656,45.6629,15,2.4,Haji Lar - Khanaqin
242,10/4/22,0:01:13,35.2628,46.6546,15,3.2,Kalaleh - Kurdistan Iran
243,10/4/22,2:00:25,34.4116,46.0905,15,2.7,Kermanshah - Iran
244,11/4/22,11:17:58,35.7559,46.1243,10,1.9,Qokhalal -  Penjwin - Sulaimanyah 
245,12/4/22,12:21:13,34.2067,45.9667,15,2.3,Kermanshah - Iran
246,13-04-2022,19:20:52,34.6206,45.3691,7,2.3,Salah Agha - Kalar - Garmian
247,13-04-2022,20:00:10,34.5155,45.2305,5,3.9,Gulajo - Kifri - Garmian
248,13-04-2022,20:03:24,34.6168,45.3739,11.9,2.1,Salah Agha - Kalar - Garmian
249,13-04-2022,20:28:49,34.614,45.3727,11.9,2.3,Salah Agha - Kalar - Garmian
250,13-04-2022,20:39:13,33.9821,45.7682,11.5,2.5,Kermanshah - Iran
251,13-04-2022,22:42:26,34.6209,45.3783,15,2,Salah Agha - Kalar - Garmian
252,13-04-2022,22:57:52,34.5702,45.3664,15,2.6,Salah Agha - Kalar - Garmian
253,14-04-2022,1:53:41,34.6105,45.562,7,3.4,Sangar-i Zhuru - Kalar - Garmian
254,14-04-2022,11:23:50,35.669,45.9623,10,2.1,Kelu -  Penjwin - Sulaimanyah 
255,14-04-2022,19:19:58,34.0774,45.9721,10,2.4,Kermanshah - Iran
256,14-04-2022,21:02:07,34.9767,46.8974,10,2.3,Kuleh Sareh - Sanandaj - Iran
257,15-04-2022,2:03:15,33.7639,46.1896,5,2.8,Ilam - Iran
258,15-04-2022,6:47:32,33.2183,46.2336,10,2.8,Ilam - Iran
259,15-04-2022,7:27:20,33.593,45.2629,10,2.6,Dawud - Baladrooz
260,15-04-2022,14:53:37,34.3889,45.8627,10,2.5,Kermanshah - Iran
261,16-04-2022,3:19:22,35.4701,45.5085,8,3.2,Damrkan - Arbat - Sulaimanyah 
262,16-04-2022,15:42:24,34.6258,45.3929,15,2.5,Sangar-i Zhuru - Kalar - Garmian
263,16-04-2022,18:48:19,34.5196,45.4443,15,3.2,Salah Agha - Kalar - Garmian
264,16-04-2022,19:00:25,34.5552,45.3828,15,4,Salah Agha - Kalar - Garmian
265,17-04-2022,2:06:55,34.7395,45.0619,15,2.9,Kifri - Garmian
266,17-04-2022,8:25:00,35.2202,46.601,5,2.5,Mariwan - Kurdistan Iran
267,17-04-2022,20:58:21,33.7531,45.6733,5,2.7,Kermanshah - Iran
268,17-04-2022,23:32:46,35.3842,45.3228,7,1.8,Dolan-i Saroo  - Sulaimanyah
269,18-04-2022,5:23:00,33.7088,45.5662,5,2.8,Qazanya - Mandali
270,18-04-2022,10:14:09,33.8085,45.1902,5,2.8,Jasim 'Ajil - Baladrooz
271,18-04-2022,13:43:40,33.8181,45.375,5,3.1,Baba Guyi - Baladrooz
272,18-04-2022,15:41:12,33.8637,45.0793,5,3.4,Abulla - Baladrooz
273,18-04-2022,16:10:38,33.881,45.2692,5,2.8,Bahiyah  - Baladrooz - Mandali
274,18-04-2022,16:32:59,33.8658,45.5334,5,2.7,Baba Guyi - Baladrooz
275,19-04-2022,0:54:30,34.6557,45.3485,5,3.5,Kalar - Garmian
276,19-04-2022,1:01:14,34.655,45.4224,13.2,2,Taza de - Kalar - Garmian
277,19-04-2022,1:18:43,34.5813,45.2029,5,2.5,Salah Agha - Kalar - Garmian
278,19-04-2022,2:54:04,34.5143,45.1599,15,2.2,Gulajo - Kifri - Garmian
279,19-04-2022,3:00:46,33.7878,46.1054,11.7,2.5,Ilam - Iran
280,19-04-2022,11:23:33,34.7688,45.1416,5,2.5,Kifri - Garmian
281,19-04-2022,13:56:26,33.6547,45.5267,11.6,2.7,kazaneah - Baladrooz
282,20-04-2022,3:55:49,34.6209,45.377,5,3.2,Salah Agha - Kalar - Garmian
283,20-04-2022,4:05:13,34.6094,45.3746,5,2.2,Salah Agha - Kalar - Garmian
284,20-04-2022,6:02:33,33.1779,46.0128,10,2.9,Badra Spend - Badra
285,20-04-2022,14:14:18,35.329,45.6167,11.6,2.8,Namal  - Darbandihkan
286,20-04-2022,23:30:36,36.8661,48.8447,5,3.7,Zanjan - Iran
287,21-04-2022,12:22:04,35.3432,45.6001,11.3,2.6,Namal  - Darbandihkan
288,21-04-2022,15:08:09,37.6334,47.241,15,3,West Azerbaijan - Iran
289,22-04-2022,5:17:52,35.2438,46.5259,11.8,2.3,Mariwan - Kurdistan Iran
290,22-04-2022,6:18:11,34.6099,45.383,15,2.6,Salah Agha - Kalar - Garmian
291,22-04-2022,11:30:13,35.4826,45.5084,11.3,2.5,Darbanila - Sulaimanyah 
292,22-04-2022,17:13:23,36.1847,45.0578,11,2.2,Qaladiza - Raparen
293,22-04-2022,23:23:50,35.4387,45.5337,10,1.9,Yakhimali - Darbandihkan - Sulaimanyah 
294,23-04-2022,15:34:09,34.5809,45.5524,11.9,2.6,Kermanshah - Iran
295,23-04-2022,21:25:40,34.5922,45.3938,15,2.8,Salah Agha - Kalar - Garmian
296,24-04-2022,8:53:35,35.489,45.5224,15,2.4,Darbanila - Sulaimanyah 
297,24-04-2022,16:36:11,33.1148,46.6316,10,3,Ilam - Iran
298,24-04-2022,17:59:07,35.9487,46.018,10,1.7,Surin - Kurdistan Iran
299,24-04-2022,19:28:18,34.4831,46.0096,10,2.3,Kermanshah - Iran
300,24-04-2022,21:24:29,34.5942,46.5263,8,2.3,Kermanshah - Iran
301,25-04-2022,0:10:18,35.4944,45.5373,15.9,2.7, Welayer - Darbanila - Sulaimanyah 
302,25-04-2022,0:41:47,35.5543,45.5757,7,1.8,Azaban  - Sulaimanyah 
303,25-04-2022,2:11:28,35.243,46.5793,7,2.9,Sefid Bon -  Kurdistan Iran
304,25-04-2022,2:19:47,35.237,46.5532,13,2.5,Khvoasht - Kurdistan Iran
305,25-04-2022,3:11:24,36.6923,45.1226,6,2.4,West Azerbaijan - Iran
306,25-04-2022,7:39:26,33.1076,49.7015,10,3.7,Kuhe Gol Gole - Abgarmak-e Sofla -  Lorestan
307,25-04-2022,14:00:18,35.2579,45.7296,11.7,1.9,Miradee -  Darbandihkan - Sulaimanyah 
308,25-04-2022,16:08:39,33.3278,44.8824,13,2.8,Ajrab -Diyala 
309,25-04-2022,16:55:44,35.8739,45.8244,10.9,1.6,Kandeh Sureh - Baneh- Iran
310,25-04-2022,22:01:11,33.6548,46.0294,5,2.5,Ilam - Iran
311,25-04-2022,22:21:37,36.0879,45.4999,5,2.3,Shalmash -  Iran
312,26-04-2022,1:03:52,35.5515,46.119,15,2.6,Zeribar Lake-  Mariwan - Kurdistan Iran
313,26-04-2022,15:59:57,34.7142,45.4358,10,2.1,Tazade - Kalar - Garmian
314,26-04-2022,21:14:04,34.8368,45.0268,15,2.6,Aziz Qadir - Kalar - Garmian
315,27-04-2022,7:24:18,33.4853,45.6214,5,3.1,Baladrooz 
316,27-04-2022,9:41:37,35.6764,45.3385,15,2.4,Sutka  - Sulaimanyah 
317,28-04-2022,0:01:47,34.584,45.3533,11.6,2.8,Salah Agha - Kalar - Garmian
318,30-04-2022,2:25:37,34.51,45.123,15,3,Gulajo - Kifri - Garmian
319,30-04-2022,4:50:31,34.5852,45.1621,15,2.4,Chalaw Khalid - Kifri - Garmian
320,30-04-2022,5:48:44,36.0201,45.5683,15,2.4,Zali - Bana -  Kurdistan Iran
321,30-04-2022,10:09:38,34.5262,45.4266,15,2.7,Salah Agha - Kalar - Garmian
322,1/5/22,12:36:51,33.314,46.0811,11.8,3.2,Kani Sakht - Badra - Kut
323,1/5/22,13:29:40,35.6371,44.9674,15,3.1,Takiya - Chamchamal - Sulaimaniyah
324,1/5/22,18:29:08,34.6516,44.8417,15,2.6,Doidan -Kifiri _ Garmian
325,1/5/22,18:52:56,34.537,46.5506,15,2.7,Kermanshah - Iran
326,2/5/22,5:09:04,34.6662,44.8218,15,2.7,Doidan -Kifiri _ Garmian
327,2/5/22,10:59:17,34.7447,44.9739,15,2.3,Sarqal'ah - kifiri - Garmian
328,2/5/22,12:15:21,34.8639,45.014,11.5,2.4,Aziz Qadir - Kifiri - Garmian
329,2/5/22,12:39:19,34.7973,45.0668,5,2.3,Aziz Qadir - Kifiri - Garmian
330,2/5/22,14:30:36,34.6946,45.06,5,2.4,Sarqal'ah - kifiri - Garmian
331,2/5/22,16:17:28,36.0088,45.6757,15,2.3,Bardabuk - Kurdistan Iran
332,2/5/22,17:32:23,36.4493,44.2418,15,2.3,Shaqlawa - Hawler
333,3/5/22,6:48:39,34.8351,44.9346,11.6,2.5,Aziz Qadir - Kifiri - Garmian
334,3/5/22,8:49:53,34.6656,44.8622,15,2.6,Doidan -Kifiri _ Garmian
335,3/5/22,10:43:37,34.6582,44.8465,15,2.8,Doidan -Kifiri _ Garmian
336,3/5/22,14:46:30,34.6287,45.9893,15,2.4,Kermanshah - Iran
337,3/5/22,15:49:31,34.7391,44.9122,15,2.4,Balaga-I Bichuk - Kifiri - Garmian
338,3/5/22,23:09:02,34.66,44.8543,15,2.8,Doidan -Kifiri _ Garmian
339,5/5/22,2:15:43,34.6636,44.8591,15,2.5,Doidan -Kifiri _ Garmian
340,6/5/22,22:12:06,35.7528,44.4554,15,2.1,Shwan - Kirkuk 
341,6/5/22,22:42:09,35.7328,44.4476,15,2.6,Shwan - Kirkuk 
342,6/5/22,22:50:42,35.7242,44.4377,15,2.6,Shwan - Kirkuk 
343,6/5/22,23:16:41,35.3061,45.6643,15,2.2,Diskara - Darbandihka -  Sulaimaniyah
344,6/5/22,23:43:36,35.7386,44.4633,15,2.2,Shwan - Kirkuk 
345,7/5/22,8:46:44,37.1888,44.5774,15,2.5,Hakkari -  Turkey
346,7/5/22,21:34:36,35.8974,44.6224,5,2.6,Taq Taq - Koisinjaq
347,7/5/22,23:48:46,35.4809,45.4567,10,1.5,Shekh Waisawa - Sulaimaniyah
348,8/5/22,16:45:36,35.1881,45.7473,15,2.7,Azaban - Darbandihka -  Sulaimaniyah
349,9/5/22,1:19:56,35.7396,45.9791,15,2.4,Mirawa - Penjwin- Sulaimaniyah
350,9/5/22,5:29:14,35.7811,46.057,10,1.9,Masidar  - Penjwin- Sulaimaniyah
351,10/5/22,7:41:30,34.815,44.9023,12,2.3,Balaga-I Bichuk - Kifiri - Garmian
352,10/5/22,13:04:33,34.5986,45.5495,11,2.4,Sangar-i Zhuru - Kalar - Garmian
353,10/5/22,15:50:47,35.0365,46.5854,15,2.7,Palangan - Kurdistan Iran
354,11/5/22,4:47:15,36.1862,45.0541,5,2.3,Qaladiza - Pshdar - Sulaimaniyah
355,11/5/22,20:49:31,36.4849,45.2132,15,2,West Azerbaijan -  Iran
356,11/5/22,21:43:00,35.2641,45.1596,10,1.7,Sangaw - Chamchamal  - Sulaimaniyah
357,12/5/22,9:13:42,35.7051,44.7132,10,2.2,Tarakah - Kirkuk
358,12/5/22,23:14:23,35.0858,46.1196,10,2.8,Boyin - Halabja 
359,13-05-2022,8:37:23,35.7871,43.8415,11,3.1,Aola Gujilan - Makhmour 
360,13-05-2022,16:42:41,34.7064,46.5312,15,3.6,Kermanshah - Iran
361,14-05-2022,20:55:35,34.8077,45.7183,10,2.3,Kermanshah - Iran
362,14-05-2022,23:21:38,34.2793,45.5804,11.8,2.3,Kani Baz - Khanaqin 
363,15-05-2022,0:35:15,35.9199,45.1514,8,1.6,Shaquli - Dokan - Sulaimaniyah
364,15-05-2022,3:10:53,35.0815,46.0742,11.6,2.1,Kermanshah - Iran
365,15-05-2022,3:41:23,34.9924,46.1076,14.4,2.6,Kermanshah - Iran
366,15-05-2022,22:56:25,36.2846,45.5051,5,2,West Azerbaijan -  Iran
367,18-05-2022,5:30:08,34.5119,46.3909,5,2.6,Kermanshah - Iran
368,18-05-2022,15:15:00,34.4076,45.6811,11.9,3.4,Kermanshah - Iran
369,18-05-2022,21:13:40,35.5771,45.9178,11.5,1.8,Kani Manga - Penjwin- Sulaimaniyah
370,18-05-2022,22:02:41,34.2639,48.2363,5,3.6,Baba Kuseh-ye Sofla - Hamadan- Iran 
371,18-05-2022,22:34:55,34.5544,46.3864,11.6,2.6,Kermanshah - Iran
372,19-05-2022,9:58:46,36.228,44.9609,15,2.5,qurago - Rania - Raparin
373,19-05-2022,17:05:54,35.9383,45.9644,10,2,Boeen-e-Sofla - Kurdistan Iran 
374,21-05-2022,0:38:52,35.4099,45.7194,15,1.7, Anjira- Halabja 
375,21-05-2022,18:48:29,36.1406,44.2988,11.9,2.6,Dagalah  - Khanaqin 
376,21-05-2022,23:40:39,35.4262,45.4532,15,2,Kani Shaswar - Darbandihkan - Sulaimaniyah
377,21-05-2022,23:54:30,35.4273,45.4548,15,1.9,Kani Shaswar - Darbandihkan - Sulaimaniyah
378,22-05-2022,6:51:15,34.5674,45.7131,15,3,Chahar Qal'ah - Khanaqin Garmian 
379,22-05-2022,21:03:17,35.8294,45.8675,12,2.1,Kolah Dul - Bana - Iran
380,23-05-2022,0:11:54,35.5395,45.2406,15,1.8,Taparash- Qazan - Sulaimaniyah
381,23-05-2022,15:52:28,34.6857,48.8493,5,3,Neshar -  Hamadan - Iran
382,24-05-2022,16:53:28,35.3193,45.7138,15,1.8,Kani Kawah  - Darbandihkan - Sulaimaniyah
383,24-05-2022,18:54:00,33.9835,47.6084,20,3,Rangarajan -  Kurdistan Iran
384,24-05-2022,21:18:32,34.6807,46.1892,15,2.7,Kermanshah - Iran
385,25-05-2022,5:00:39,34.4791,47.1801,10,2.5,Kermanshah - Iran
386,25-05-2022,17:44:59,36.4317,45.2783,15,3.3,West Azerbaijan -  Iran
387,26-05-2022,0:32:22,35.8988,44.3153,15,2.2,Au Mal - Koisinjaq
388,26-05-2022,9:58:38,35.9198,44.2317,15,2.9,Azyana - Koisinjaq
389,26-05-2022,13:53:05,35.9051,44.2886,15,2.9,Khur Khur - Koisinjaq
390,26-05-2022,16:17:09,34.6435,46.1632,15,2.8,Kermanshah - Iran
391,27-05-2022,2:21:57,35.7084,45.9107,15,3.3,Ulyawah - Penjwin- Sulaimaniyah
392,27-05-2022,5:06:10,35.8813,44.3027,15,2.6,Khur Khur - Koisinjaq
393,27-05-2022,9:15:30,35.818,45.8641,15,2.1,Kolah Dul - Kurdistan Iran 
394,27-05-2022,9:50:58,35.9063,44.4745,5,3,Segrdkan  - Koisinjaq
395,27-05-2022,9:52:52,35.9479,44.4378,5,2.4,Alinjagh-i Gichka - Koisinjaq
396,27-05-2022,11:25:56,35.9119,44.3643,11.8,3.1,Au Mal - Koisinjaq
397,27-05-2022,16:15:24,36.3116,42.185,12,3.5,Ain Sind - Sinjar
398,27-05-2022,19:13:18,35.8776,44.3173,15,2.5,Au Mal - Koisinjaq
399,28-05-2022,18:46:03,35.8938,44.3572,7,2.5,Au Mal - Koisinjaq
400,28-05-2022,23:04:37,35.5218,45.2575,10,1.9,Warmazya - Sulaimaniyah
401,29-05-2022,5:50:02,34.5846,45.5751,12,4.5,Qasrishirin - Iran
402,29-05-2022,5:52:43,34.5291,45.6429,12,4,Qasrishirin - Iran
403,29-05-2022,23:07:19,34.6535,45.3795,15,3.5,TazaDe - Kalar - Garmian
404,29-05-2022,23:42:39,34.6643,45.36,7,2.4,TazaDe - Kalar - Garmian
405,30-05-2022,1:23:35,34.4769,45.646,11.9,4.1,Qasrishirin - Iran
406,30-05-2022,22:39:06,34.4808,45.688,12,3.9,Qasrishirin - Iran
407,30-05-2022,22:41:35,34.4602,45.6878,12,2.2,Qasrishirin - Iran
408,31-05-2022,0:13:57,34.505,45.6724,12,3.8,Qasrishirin - Iran
409,31-05-2022,0:58:26,35.2808,45.8389,11.8,1.8,Said Sadiq - Halabja
410,31-05-2022,22:17:47,34.5796,45.6405,15,3.6,Qasrishirin - Iran
411,1/6/22,22:55:52,35.9026,44.3942,5,2.5,Segrdkan - Koysenjaq
412,2/6/22,3:41:16,36.0613,45.5129,16,2.3,  Razgah - West Azerbaijan - Iran
413,3/6/22,4:11:01,35.3101,46.1564,5,2.8,Hazarani - Kurdistan  Iran
414,3/6/22,11:39:51,35.722,45.9555,15,3.4,Garmk - Penjwin - Sulaimaniyah
415,3/6/22,19:19:56,34.7673,46.3139,15,2.7,Kermanshah - Iran
416,3/6/22,19:54:42,36.9403,45.1898,15,3.4, Doabad - West Azerbaijan - Iran
417,3/6/22,20:25:51,36.8408,45.1131,15,2.3,Gerdeh sur - West Azerbaijan - Iran
418,3/6/22,23:02:20,35.7271,45.606,12,2.6,Khmaneh - Sharbazher - Sulaimaniyah
419,4/6/22,1:28:01,29.0754,48.0139,7,5.3,Kuwait
420,4/6/22,1:49:10,32.5524,47.9589,11.8,4.2,Khuzestan -  Iran
421,4/6/22,17:11:33,35.0617,45.2706,5,2.3,Hama Sulayman  - Kalar - Garmian
422,4/6/22,20:44:45,35.497,45.5238,12,2.2,Darbanila - Sulaimaniyah
423,5/6/22,2:26:29,33.9549,46.1413,11.8,4.1,Ilam - Iran
424,5/6/22,11:44:47,35.6801,45.9712,11,2,Dara Gurgan - Penjwin - Sulaimaniyah
425,5/6/22,21:12:12,35.2892,46.4805,13,3.3,Barquru -  Kurdistan Iran
426,7/6/22,8:01:13,38.8157,43.4129,5,3.7,Van - Turkey
427,8/6/22,0:50:41,35.665,45.9413,8,1.9,Kelu -Penjwin  - Sulaimaniyah
428,9/6/22,3:56:28,35.7195,46.0234,15,2.7,Taratulu -Penjwin - Sulaimaniyah 
429,10/6/22,6:02:34,38.6275,43.5329,10,4.6,Van - Turkey
430,10/6/22,22:08:28,38.8201,43.5438,5,3.7,Van - Turkey
431,11/6/22,5:20:29,34.7393,45.9832,5,2.6,Kermanshah - Iran
432,11/6/22,5:59:04,34.7693,46.0243,5,2.5,Kermanshah - Iran
433,11/6/22,16:25:47,35.2905,46.4082,5,3.1,Goshkhani -  Kurdistan Iran
434,12/6/22,2:54:18,35.9432,45.6787,11.8,2.6,Cherush - Bana - Kurdistan Iran
435,12/6/22,2:57:04,34.5157,46.0026,11.9,2.3,Kermanshah - Iran
436,12/6/22,8:06:09,34.7919,46.1558,12,2.2,Kermanshah - Iran
437,12/6/22,9:59:09,34.6956,46.1479,11.9,2.1,Kermanshah - Iran
438,12/6/22,18:35:28,38.595,43.5698,9.7,4.9,Van - Turkey
439,12/6/22,20:43:31,38.4377,43.6019,8.8,3.5,Van - Turkey
440,12/6/22,21:11:05,35.9273,45.7308,13,2.1,Kukh-e Rostam - Bana - Kurdistan Iran
441,12/6/22,21:56:25,38.4656,43.6946,10.6,3.5,Van - Turkey
442,13-06-2022,0:07:10,35.2746,46.4202,5,2.3,Karrawa - Bana - Kurdistan Iran
443,13-06-2022,8:00:56,38.0587,44.4294,10.8,2.5, Ostureh - West Azerbaijan - Iran
444,13-06-2022,22:08:35,38.2576,43.953,5,3.5,Van - Turkey
445,14-06-2022,15:30:29,36.2156,49.2383,8,4.1,Qazvin - Iran
446,15-06-2022,19:15:46,34.9856,45.8375,15,2.3,Pshta - Halabja
447,16-06-2022,15:55:55,34.0952,46.9815,11.9,3,Kermanshah - Iran
448,16-06-2022,20:47:17,34.3653,45.626,11.9,2.6,Kermanshah - Iran
449,17-06-2022,23:28:23,35.262,46.3219,5,2.2,Zhiwar - Mariwan   - Kurdistan Iran
450,18-7-2022,21:33:24,34.3267,46.2312,15,2.4,Kermanshah - Iran
451,19-6-2022,5:23:05,36.2323,43.7349,15,2.4,Chaluk 1 - Erbil 
452,19-06-2022,22:04:55,36.3806,45.2516,5,2.2,Basta - Pshdar
453,19-06-2022,23:21:07,35.0183,45.8554,20,2.4,Pshta - Halabja
454,20-06-2022,4:28:38,35.9929,45.0284,16,2.1,Palko - Dokan  - Sulaimaniyah
455,20-06-2022,16:32:36,37.1796,43.6912,18,3,Serna - Amedi
456,21-06-2022,4:18:54,36.4647,45.2396,15,3.3,BardaBad -West Azerbaijan - Iran
457,21-06-2022,20:38:54,34.9057,45.6838,15,2.1,Kharknia - Khanaqin 
458,22-06-2022,1:14:12,34.6394,46.2263,15,3.1,Kermanshah - Iran
459,23-06-2022,13:24:50,35.8191,45.9445,15,2.3, Sayranban - Penjwin - Sulaimaniyah
460,23-06-2022,23:55:33,34.5712,46.0418,15,2.2,Kermanshah - Iran
461,24-06-2022,3:47:11,36.4555,45.2105,15,2.9,BardaBad -West Azerbaijan - Iran
462,25-06-2022,0:07:44,34.8097,46.1597,11.7,2.2,Kermanshah - Iran
463,25-06-2022,20:52:49,35.2186,45.7037,15,2.4,Miradee - Darbandihkan  - Sulaimaniyah
464,26-06-2022,7:11:57,36.2249,45.4927,15,2, Bishasb -West Azerbaijan - Iran
465,28-06-2022,18:47:45,38.1931,44.6645,11.9,2.9,Tazehshahr - Salmas - Urmia - Iran
466,29-06-2022,0:01:18,28.4069,51.6712,15,4.1,Dargoo - Bushehr - Iran
467,29-06-2022,2:16:36,35.6887,45.9815,8,1.9,Dara Gurgan  - Penjwin - Sulaimaniyah
468,30-06-2022,0:25:45,35.9071,44.7417,10,2.4, Qzloo - Koysenjaq - Hawler
469,1/7/22,7:10:40,35.2706,45.1191,5,3.4,Gulan - Chamchamal
470,2/7/22,7:35:51,35.6988,45.9858,11,2,Dara Gurgan - Penjwin 
471,2/7/22,22:03:37,34.6584,46.2001,5,2.3,Kermanshah - Iran
472,3/7/22,1:26:53,34.3566,45.4515,10.7,2.5, Mala Aziz - Khanaqin
473,5/7/22,13:43:37,34.5247,45.5883,12,3.9,Seyed Saeed - Qasreshirin - Kermanshah
474,5/7/22,14:36:50,34.8842,44.6304,5,2.4,Tuz khurmatu -  Kerkuk
475,7/7/22,15:13:25,38.254,43.65,15,3.3,Van - Turkey
476,7/7/22,18:42:45,35.8857,44.1944,15,2.3,Kardah Sur - Erbil
477,8/7/22,4:17:11,38.804,47.392,15,3.7,Injar - East Azerbaijan - Iran
478,8/7/22,17:19:27,35.1833,45.6852,12,2,Darbandikhan - Sulaimaniyah
479,8/7/22,17:31:19,34.6966,45.3035,15,2.2,Kalar - Garmian
480,9/7/22,2:53:39,34.7049,46.2858,15,2.2,Kermanshah - Iran
481,9/7/22,4:38:00,33.2331,45.0585,12,2.7,  kharbut - Diyala 
482,9/7/22,19:56:44,35.8564,45.9312,15,2,Kani Shelma - Bana - Kurdistan Iran
483,10/7/22,0:42:02,36.0561,45.6991,15,2,Mamal - Bana -  Iran
484,10/7/22,12:18:48,36.5277,45.0651,15,2.8,Duliniyeh - West Azerbaijan - Iran
485,10/7/22,13:28:13,35.0157,45.9152,15,2.4,Kermanshah - Iran
486,10/7/22,16:32:45,36.5031,45.0143,15,2.2,Pshtashan - Pshdar - Sulaimaniyah
487,10/7/22,23:56:30,36.8117,45.0876,15,2.9,Selve - West Azerbaijan - Iran
488,11/7/22,1:11:16,34.3789,45.0111,10,2.5,Kashkol - Kifri 
489,11/7/22,15:39:42,36.2082,45.5663,15,2.7,Rabat - West Azerbaijan - Iran
490,12/7/22,1:35:24,36.336,45.1659,6,2,Suraglla - Pshdar - Sulaimaniyah
491,12/7/22,17:32:36,34.9002,44.9026,11.9,2.4,Garmak - Tuz khurmatu -  Kerkuk
492,13-07-2022,13:32:58,34.4228,45.3299,11.8,3,Abd Alla Bayk - Khanaqin - Garmian
493,13-07-2022,17:31:08,35.228,44.6409,11.5,2.6,Baidawa - Daquq - Kerkuk
494,14-07-2022,4:48:03,34.7054,45.304,15,2.6,Goban - Kalar - Garmian
495,15-07-2022,10:23:51,38.43,44.8524,12,3.1,Abati - West Azerbaijan - Iran
496,16-07-2022,23:01:23,35.3045,45.6053,5,1.9,Kharjana- Arbat -  Sulaimaniyah
497,17-07-2022,0:15:54,34.2607,45.9129,15,2.4,Kermanshah - Iran
498,17-07-2022,15:10:10,35.1111,45.798,15.5,2,Dulf - Darbandikhan -  Sulaimaniyah
499,18-07-2022,8:04:52,34.6811,45.2719,15,4.3,Kalar - Garmian
500,18-07-2022,9:08:24,33.8063,45.4755,8.7,2.4,Baba Guyi - Mandali
501,18-07-2022,10:12:59,34.683,45.3153,5,2.4,Kalar - Garmian
502,18-07-2022,11:10:44,Shaka,45.1919,15,3.2,Shakal - Kalar - Garmian
503,18-07-2022,21:47:46,34.6576,45.2344,15,3.4,Rizgary - Shakal - Garmian
504,19-07-2022,12:44:51,37.1951,46.1529,11.3,2.7,Malekan - Bukan -  Iran
505,20-07-2022,3:32:20,35.6759,45.9732,15,2.2,Dara Gurgan - Penjwin -  Sulaimaniyah
506,20-07-2022,22:56:41,35.2711,45.596,11.7,2,Ahmadawa - Darbandihkan -  Sulaimaniyah
507,21-07-2022,6:50:28,34.8293,45.9223,14.7,2.8,Kermanshah - Iran
508,21-07-2022,19:02:57,34.4255,45.5467,11.7,2.2,Kermanshah - Iran
509,23/07/2022,0:35:13,35.1707,45.6916,15,2.5, Darbandihkan -  Sulaimaniyah
510,23/07/2022,21:43:48,35.5279,46.1968,15,2.2,Marivan - Kurdistan Iran
511,24-07-2022,19:14:33,34.3102,45.5798,11.9,2.3,Kermanshah - Iran
512,24-07-2022,23:29:51,33.6696,45.6854,11.6,2.8,Finjan - Baladrooz 
513,25-07-2022,3:49:13,35.2708,46.5183,5,2.4,Negel - Kurdistan Iran
514,25-07-2022,4:15:20,34.1228,45.3051,5,2.7,Kani Masi - Khanaqin - Garmian
515,25-07-2022,13:51:37,34.0796,45.1538,5,2.9,zrakshar  - Khanaqin - Garmian
516,26-07-2022,9:56:55,35.9755,45.8372,15,2.2,qoxi shek eslam - Banaeh  - Kurdistan Iran
517,26-07-2022,11:39:30,34.5106,45.2667,15,3.2,Salah Aga - Kalar - Garmian
518,26-07-2022,16:57:33,34.878,45.2298,13.4,2.6,Faraj Ways  - Kalar - Garmian
519,26-07-2022,22:47:37,35.2554,46.6153,5,2.3,Negel - Kurdistan Iran
520,27-07-2022,1:45:16,34.8692,45.2304,15,2.4,Faraj Ways  - Kalar - Garmian
521,27-07-2022,13:05:18,34.6198,45.316,15,2.2,Kalar - Garmian
522,27-07-2022,22:23:18,36.2813,45.4466,5,1.8,Shtman - Sardasht - Iran
523,28-07-2022,18:26:12,36.047,45.8087,10.6,1.8,Baneh- Kurdistan Iran
524,29-07-2022,0:58:44,35.7472,45.9308,10.9,1.9,Tatan - Penjwin -  Sulaimaniyah
525,29-07-2022,1:05:42,34.9328,45.8617,14,2.1,Iraq Iran Border - Garmian
526,29-07-2022,4:34:36,33.7213,47.7913,10,3,Kermanshah - Iran
527,29-07-2022,8:26:44,34.4268,46.085,11.9,2.7,Kermanshah - Iran
528,30-07-2022,0:46:16,37.2914,47.2797,10,4.1,brini bdaq - Bokan - Iran
529,31-07-2022,23:17:02,35.2262,45.575,12,1.9,Sola - Darbandihkan -  Sulaimaniyah
530,,,,,,,
531,,,,,,,
532,,,,,,,
533,,,,,,,
534,,,,,,,
535,,,,,,,
536,,,,,,,
537,,,,,,,
538,,,,,,,
539,,,,,,,
540,,,,,,,
541,,,,,,,
542,,,,,,,
543,,,,,,,
544,,,,,,,
545,,,,,,,
546,,,,,,,
547,,,,,,,
548,,,,,,,
549,,,,,,,
550,,,,,,,
551,,,,,,,
552,,,,,,,
553,,,,,,,
554,,,,,,,
555,,,,,,,
556,,,,,,,
557,,,,,,,
558,,,,,,,
559,,,,,,,
560,,,,,,,
561,,,,,,,
562,,,,,,,
563,,,,,,,
564,,,,,,,
565,,,,,,,
566,,,,,,,
567,,,,,,,
568,,,,,,,
569,,,,,,,
570,,,,,,,
571,,,,,,,
572,,,,,,,
573,,,,,,,
574,,,,,,,
575,,,,,,,
576,,,,,,,
577,,,,,,,
578,,,,,,,
579,,,,,,,
580,,,,,,,
581,,,,,,,
582,,,,,,,
583,,,,,,,
584,,,,,,,
585,,,,,,,
586,,,,,,,
587,,,,,,,
588,,,,,,,
589,,,,,,,
590,,,,,,,
591,,,,,,,
592,,,,,,,
593,,,,,,,
594,,,,,,,
595,,,,,,,
596,,,,,,,
597,,,,,,,
598,,,,,,,
599,,,,,,,
600,,,,,,,
601,,,,,,,
602,,,,,,,
603,,,,,,,
604,,,,,,,
605,,,,,,,
606,,,,,,,
607,,,,,,,
608,,,,,,,
609,,,,,,,
610,,,,,,,
611,,,,,,,
612,,,,,,,
613,,,,,,,
614,,,,,,,
615,,,,,,,
616,,,,,,,
617,,,,,,,
618,,,,,,,
619,,,,,,,
620,,,,,,,
621,,,,,,,
622,,,,,,,
623,,,,,,,
624,,,,,,,
625,,,,,,,
626,,,,,,,
627,,,,,,,
628,,,,,,,
629,,,,,,,
630,,,,,,,
631,,,,,,,
632,,,,,,,
633,,,,,,,
634,,,,,,,
635,,,,,,,
636,,,,,,,
637,,,,,,,
638,,,,,,,
639,,,,,,,
640,,,,,,,
641,,,,,,,
642,,,,,,,
643,,,,,,,
644,,,,,,,
645,,,,,,,
646,,,,,,,
647,,,,,,,
648,,,,,,,
649,,,,,,,
650,,,,,,,
651,,,,,,,
652,,,,,,,
